{"name":"dbc67320-efd5-46d5-876e-63ea5b26f96d","id":"/providers/Microsoft.Flow/flows/dbc67320-efd5-46d5-876e-63ea5b26f96d","type":"Microsoft.Flow/flows","properties":{"apiId":"/providers/Microsoft.PowerApps/apis/shared_logicflows","displayName":"健康状態報告","definition":{"metadata":{"workflowEntityId":null,"creator":{"id":"bd8874ee-f05a-473c-98b9-0a11fd6e3d01","type":"User","tenantId":"aea0c4d5-05b1-4241-b581-86392c91f12b"},"provisioningMethod":"FromDefinition","failureAlertSubscription":true,"clientLastModifiedTime":"2020-03-03T12:34:14.1615429Z"},"$schema":"https://schema.management.azure.com/providers/Microsoft.Logic/schemas/2016-06-01/workflowdefinition.json#","contentVersion":"1.0.0.0","parameters":{"$connections":{"defaultValue":{},"type":"Object"},"$authentication":{"defaultValue":{},"type":"SecureObject"}},"triggers":{"manual":{"type":"Request","kind":"Button","inputs":{"schema":{"type":"object","properties":{"text":{"title":"体温","type":"string","x-ms-dynamically-added":true,"description":"体温を記入してください。","x-ms-content-hint":"TEXT"},"text_1":{"title":"呼吸器症状","type":"string","x-ms-dynamically-added":true,"description":"「あり/なし」を選択してください。","x-ms-content-hint":"TEXT","enum":["あり","なし"]},"location":{"type":"object","properties":{"fullAddress":{"title":"完全なアドレス","type":"string","x-ms-dynamically-added":false}}},"email":{"title":"GL","type":"string","format":"email","x-ms-dynamically-added":true,"description":"GLのメール アドレスを入力してください","x-ms-content-hint":"EMAIL"},"email_1":{"title":"AL","type":"string","format":"email","x-ms-dynamically-added":true,"description":"ALのメール アドレスを入力してください","x-ms-content-hint":"EMAIL"},"text_2":{"title":"職番＋名前","type":"string","x-ms-dynamically-added":true,"description":"職番と名前を入力してください。","x-ms-content-hint":"TEXT"}},"required":["text","text_1","location","email","email_1","text_2"]},"headersSchema":{"x-ms-user-name-encoded":{"title":"ユーザー名","type":"string","format":"byte","x-ms-dynamically-added":false},"x-ms-user-email-encoded":{"title":"ユーザーの電子メール","type":"string","format":"byte","x-ms-dynamically-added":false}}}}},"actions":{"条件":{"actions":{"メール通知を送信する_(V3)":{"runAfter":{},"metadata":{"flowSystemMetadata":{"swaggerOperationId":"SendEmailV3"}},"type":"ApiConnection","inputs":{"host":{"connection":{"name":"@json(decodeBase64(triggerOutputs().headers['X-MS-APIM-Tokens']))['$connections']['shared_sendmail']['connectionId']"},"api":{"runtimeUrl":"https://japan-001.azure-apim.net/apim/sendmail"}},"method":"post","body":{"to":"@{triggerBody()['email']};","subject":"【健康状態報告】@{triggerBody()['text_2']}","text":"<p>お疲れ様です。<br>\n@{triggerBody()['text_2']}です。<br>\n<br>\n@{triggerBody()['key-button-date']}の健康状態を報告します。<br>\n・体温：@{triggerBody()['text']}<br>\n・呼吸器症状：@{triggerBody()['text_1']}<br>\n<br>\n以上、よろしくお願いします。</p>","ishtml":true,"cc":"@{base64ToString(triggerOutputs()['headers']['x-ms-user-email-encoded'])};@{triggerBody()['email_1']}"},"path":"/v3/mail/send","authentication":{"type":"Raw","value":"@json(decodeBase64(triggerOutputs().headers['X-MS-APIM-Tokens']))['$ConnectionKey']"}}}},"runAfter":{},"expression":{"and":[{"contains":["@triggerBody()['email']","dcinc.co.jp"]},{"contains":["@triggerBody()['email_1']","dcinc.co.jp"]}]},"type":"If"}}},"connectionReferences":{"shared_sendmail":{"connectionName":"shared-sendmail-f70814e6-0243-43eb-8cf8-585eacea8906","source":"Invoker","id":"/providers/Microsoft.PowerApps/apis/shared_sendmail","tier":"NotSpecified"}},"flowFailureAlertSubscribed":false}}